duration,env_LV-INT,env_LV-PERF,env_LV-QA,env_LV-REG,env_LV-STG,browser_chrome,error_type_code error,error_type_element not found,error_type_execution environment issue,error_type_network issue,error_type_other,error_type_suspect bug,offset
1.5463227514466888, 0.7878736008137979, -1.1718157437331684, 0.7781732684508181, -21.507977765284195, 0.8475912254038973, -24.266155414348866, -0.2779613715354299, -9.651728400649217, 0.6588289348758873, 0.7531579821390185, -6.053216951320859, -4.695235607858244, -24.266155414348834